Date;Taux_3M;Taux_2Y;Taux_10Y;CPI;Breakeven_5Y;Nonfarm_Payrolls;Ind_Production;UMich_Sentiment;Slope_10Y_3M;Slope_10Y_2Y;Real_Rate_10Y;Inflation_Delta_12M;VIX;NFCI;Stress_Financier
01/01/2014;;0.39;2.86;235.288;;137561.0;99.9899;81.2;;2.4699999999999998;-232.428;;;;
02/01/2014;0.07;;;;1.71;;;;;;;;14.229999542236328;;
03/01/2014;0.07;;;;1.69;;;;;;;;13.760000228881836;-0.80274;-0.6673
06/01/2014;0.05;;;;1.75;;;;;;;;13.550000190734863;;
07/01/2014;0.04;;;;1.83;;;;;;;;12.920000076293945;;
08/01/2014;0.05;;;;1.76;;;;;;;;12.869999885559082;;
09/01/2014;0.04;;;;1.83;;;;;;;;12.890000343322754;;
10/01/2014;0.05;;;;1.75;;;;;;;;12.140000343322754;-0.79821;-0.7387
13/01/2014;0.03;;;;1.71;;;;;;;;13.279999732971191;;
14/01/2014;0.04;;;;1.76;;;;;;;;12.279999732971191;;
15/01/2014;0.04;;;;1.72;;;;;;;;12.279999732971191;;
16/01/2014;0.04;;;;1.74;;;;;;;;12.529999732971191;;
17/01/2014;0.05;;;;1.72;;;;;;;;12.4399995803833;-0.79021;-0.7403
21/01/2014;0.04;;;;1.71;;;;;;;;12.869999885559082;;
22/01/2014;0.04;;;;1.79;;;;;;;;12.84000015258789;;
23/01/2014;0.04;;;;1.72;;;;;;;;13.770000457763672;;
24/01/2014;0.04;;;;1.68;;;;;;;;18.139999389648438;-0.78208;-0.6439
27/01/2014;0.05;;;;1.72;;;;;;;;17.420000076293945;;
28/01/2014;0.05;;;;1.71;;;;;;;;15.800000190734863;;
29/01/2014;0.04;;;;1.72;;;;;;;;17.350000381469727;;
30/01/2014;0.02;;;;1.76;;;;;;;;17.290000915527344;;
31/01/2014;0.02;;;;1.72;;;;;;;;18.40999984741211;-0.7769;-0.4471
03/02/2014;0.05;;;;1.7;;;;;;;;21.440000534057617;;
04/02/2014;0.06;;;;1.77;;;;;;;;19.110000610351562;;
05/02/2014;0.07;;;;1.78;;;;;;;;19.950000762939453;;
06/02/2014;0.07;;;;1.82;;;;;;;;17.229999542236328;;
07/02/2014;0.08;;;;1.77;;;;;;;;15.289999961853027;-0.77785;-0.4699
10/02/2014;0.07;;;;1.79;;;;;;;;15.260000228881836;;
11/02/2014;0.05;;;;1.8;;;;;;;;14.510000228881836;;
12/02/2014;0.05;;;;1.83;;;;;;;;14.300000190734863;;
13/02/2014;0.03;;;;1.77;;;;;;;;14.140000343322754;;
14/02/2014;0.02;;;;1.67;;;;;;;;13.569999694824219;-0.78363;-0.8112
18/02/2014;0.05;;;;1.79;;;;;;;;13.869999885559082;;
19/02/2014;0.06;;;;1.78;;;;;;;;15.5;;
20/02/2014;0.05;;;;1.78;;;;;;;;14.789999961853027;;
21/02/2014;0.05;;;;1.74;;;;;;;;14.680000305175781;-0.79101;-0.7046
24/02/2014;0.05;;;;1.78;;;;;;;;14.229999542236328;;
25/02/2014;0.05;;;;1.78;;;;;;;;13.670000076293945;;
26/02/2014;0.05;;;;1.76;;;;;;;;14.350000381469727;;
27/02/2014;0.04;;;;1.81;;;;;;;;14.039999961853027;;
28/02/2014;0.05;;;;1.79;;;;;;;;14.0;-0.79755;-0.7557
03/03/2014;0.05;;;;1.78;;;;;;;;16.0;;
04/03/2014;0.05;;;;1.79;;;;;;;;14.100000381469727;;
05/03/2014;0.06;;;;1.8;;;;;;;;13.890000343322754;;
06/03/2014;0.05;;;;1.84;;;;;;;;14.210000038146973;;
07/03/2014;0.06;;;;1.83;;;;;;;;14.109999656677246;-0.80132;-0.7439
10/03/2014;0.05;;;;1.88;;;;;;;;14.199999809265137;;
11/03/2014;0.05;;;;1.86;;;;;;;;14.800000190734863;;
12/03/2014;0.05;;;;1.82;;;;;;;;14.470000267028809;;
13/03/2014;0.05;;;;1.75;;;;;;;;16.219999313354492;;
14/03/2014;0.05;;;;1.74;;;;;;;;17.81999969482422;-0.80155;-0.6864
17/03/2014;0.06;;;;1.8;;;;;;;;15.640000343322754;;
18/03/2014;0.05;;;;1.77;;;;;;;;14.520000457763672;;
19/03/2014;0.06;;;;1.73;;;;;;;;15.119999885559082;;
20/03/2014;0.06;;;;1.75;;;;;;;;14.520000457763672;;
21/03/2014;0.06;;;;1.79;;;;;;;;15.0;-0.80006;-0.7338
24/03/2014;0.06;;;;1.79;;;;;;;;15.09000015258789;;
25/03/2014;0.05;;;;1.7;;;;;;;;14.020000457763672;;
26/03/2014;0.05;;;;1.75;;;;;;;;14.930000305175781;;
27/03/2014;0.04;;;;1.73;;;;;;;;14.619999885559082;;
28/03/2014;0.04;;;;1.72;;;;;;;;14.40999984741211;-0.79753;-0.7269
31/03/2014;0.05;;;;1.7;;;;;;;;13.880000114440918;;
01/04/2014;0.04;0.42;2.71;236.468;1.71;138297.0;101.8273;84.1;2.67;2.29;-233.75799999999998;;13.100000381469727;;
02/04/2014;0.02;;;;1.72;;;;;;;;13.09000015258789;;
03/04/2014;0.02;;;;1.68;;;;;;;;13.369999885559082;;
04/04/2014;0.03;;;;1.71;;;;;;;;13.960000038146973;-0.79631;-0.708
07/04/2014;0.03;;;;1.61;;;;;;;;15.569999694824219;;
08/04/2014;0.03;;;;1.71;;;;;;;;14.890000343322754;;
09/04/2014;0.04;;;;1.7;;;;;;;;13.819999694824219;;
10/04/2014;0.04;;;;1.69;;;;;;;;15.890000343322754;;
11/04/2014;0.04;;;;1.64;;;;;;;;17.030000686645508;-0.79435;-0.6089
14/04/2014;0.04;;;;1.71;;;;;;;;16.110000610351562;;
15/04/2014;0.04;;;;1.68;;;;;;;;15.609999656677246;;
16/04/2014;0.04;;;;1.73;;;;;;;;14.180000305175781;;
17/04/2014;0.03;;;;1.95;;;;;;;;13.359999656677246;;
18/04/2014;;;;;;;;;;;;;;-0.79176;-0.7216
21/04/2014;0.04;;;;1.97;;;;;;;;13.25;;
22/04/2014;0.03;;;;1.98;;;;;;;;13.1899995803833;;
23/04/2014;0.02;;;;1.98;;;;;;;;13.270000457763672;;
24/04/2014;0.01;;;;1.99;;;;;;;;13.319999694824219;;
25/04/2014;0.03;;;;1.96;;;;;;;;14.0600004196167;-0.78966;-0.8229
28/04/2014;0.03;;;;1.95;;;;;;;;13.970000267028809;;
29/04/2014;0.02;;;;1.95;;;;;;;;13.710000038146973;;
30/04/2014;0.03;;;;1.96;;;;;;;;13.40999984741211;;
01/05/2014;0.03;0.39;2.56;236.918;1.96;138512.0;102.2392;81.9;2.5300000000000002;2.17;-234.358;;13.25;;
02/05/2014;0.02;;;;1.95;;;;;;;;12.90999984741211;-0.78863;-0.7447
05/05/2014;0.03;;;;1.92;;;;;;;;13.289999961853027;;
06/05/2014;0.03;;;;1.91;;;;;;;;13.800000190734863;;
07/05/2014;0.03;;;;1.92;;;;;;;;13.399999618530273;;
08/05/2014;0.03;;;;1.93;;;;;;;;13.430000305175781;;
09/05/2014;0.03;;;;1.92;;;;;;;;12.920000076293945;-0.78985;-0.7348
12/05/2014;0.03;;;;1.91;;;;;;;;12.229999542236328;;
13/05/2014;0.03;;;;1.89;;;;;;;;12.130000114440918;;
14/05/2014;0.03;;;;1.92;;;;;;;;12.170000076293945;;
15/05/2014;0.03;;;;1.96;;;;;;;;13.170000076293945;;
16/05/2014;0.03;;;;1.94;;;;;;;;12.4399995803833;-0.79405;-0.7846
19/05/2014;0.03;;;;1.93;;;;;;;;12.420000076293945;;
20/05/2014;0.03;;;;1.92;;;;;;;;12.960000038146973;;
21/05/2014;0.04;;;;1.95;;;;;;;;11.90999984741211;;
22/05/2014;0.03;;;;1.97;;;;;;;;12.029999732971191;;
23/05/2014;0.04;;;;1.97;;;;;;;;11.359999656677246;-0.80198;-0.7865
27/05/2014;0.04;;;;1.95;;;;;;;;11.510000228881836;;
28/05/2014;0.04;;;;1.94;;;;;;;;11.680000305175781;;
29/05/2014;0.04;;;;1.96;;;;;;;;11.569999694824219;;
30/05/2014;0.04;;;;1.93;;;;;;;;11.399999618530273;-0.8104;-0.8464
02/06/2014;0.04;;;;1.93;;;;;;;;11.579999923706055;;
03/06/2014;0.04;;;;1.92;;;;;;;;11.869999885559082;;
04/06/2014;0.04;;;;1.9;;;;;;;;12.079999923706055;;
05/06/2014;0.04;;;;1.92;;;;;;;;11.680000305175781;;
06/06/2014;0.04;;;;1.93;;;;;;;;10.729999542236328;-0.81721;-0.8807
09/06/2014;0.04;;;;1.95;;;;;;;;11.149999618530273;;
10/06/2014;0.04;;;;1.94;;;;;;;;10.989999771118164;;
11/06/2014;0.04;;;;1.94;;;;;;;;11.600000381469727;;
12/06/2014;0.04;;;;1.95;;;;;;;;12.5600004196167;;
13/06/2014;0.04;;;;1.93;;;;;;;;12.180000305175781;-0.82045;-0.8931
16/06/2014;0.04;;;;1.92;;;;;;;;12.649999618530273;;
17/06/2014;0.04;;;;1.97;;;;;;;;12.0600004196167;;
18/06/2014;0.03;;;;1.98;;;;;;;;10.609999656677246;;
19/06/2014;0.02;;;;2.02;;;;;;;;10.619999885559082;;
20/06/2014;0.02;;;;2.02;;;;;;;;10.850000381469727;-0.81971;-0.9049
23/06/2014;0.03;;;;2.03;;;;;;;;10.979999542236328;;
24/06/2014;0.03;;;;2.05;;;;;;;;12.130000114440918;;
25/06/2014;0.03;;;;2.03;;;;;;;;11.59000015258789;;
26/06/2014;0.04;;;;2.02;;;;;;;;11.630000114440918;;
27/06/2014;0.03;;;;2.03;;;;;;;;11.260000228881836;-0.81481;-0.8591
30/06/2014;0.04;;;;2.0;;;;;;;;11.569999694824219;;
01/07/2014;0.02;0.51;2.54;237.498;2.0;139073.0;102.7954;81.8;2.52;2.0300000000000002;-234.958;;11.149999618530273;;
02/07/2014;0.02;;;;2.01;;;;;;;;10.819999694824219;;
03/07/2014;0.01;;;;2.03;;;;;;;;10.319999694824219;;
04/07/2014;;;;;;;;;;;;;;-0.80678;-0.8493
07/07/2014;0.04;;;;2.01;;;;;;;;11.329999923706055;;
08/07/2014;0.03;;;;1.99;;;;;;;;11.979999542236328;;
09/07/2014;0.03;;;;1.98;;;;;;;;11.649999618530273;;
10/07/2014;0.02;;;;2.0;;;;;;;;12.59000015258789;;
11/07/2014;0.02;;;;1.99;;;;;;;;12.079999923706055;-0.79705;-0.7968
14/07/2014;0.03;;;;1.99;;;;;;;;11.819999694824219;;
15/07/2014;0.02;;;;1.96;;;;;;;;11.960000038146973;;
16/07/2014;0.02;;;;1.95;;;;;;;;11.0;;
17/07/2014;0.02;;;;1.97;;;;;;;;14.539999961853027;;
18/07/2014;0.02;;;;1.96;;;;;;;;12.0600004196167;-0.786;-0.7432
21/07/2014;0.03;;;;1.97;;;;;;;;12.8100004196167;;
22/07/2014;0.03;;;;1.93;;;;;;;;12.239999771118164;;
23/07/2014;0.03;;;;1.92;;;;;;;;11.520000457763672;;
24/07/2014;0.03;;;;1.93;;;;;;;;11.84000015258789;;
25/07/2014;0.03;;;;1.95;;;;;;;;12.6899995803833;-0.77525;-0.7679
28/07/2014;0.04;;;;1.95;;;;;;;;12.5600004196167;;
29/07/2014;0.02;;;;1.94;;;;;;;;13.279999732971191;;
30/07/2014;0.04;;;;1.96;;;;;;;;13.329999923706055;;
31/07/2014;0.03;;;;1.97;;;;;;;;16.950000762939453;;
01/08/2014;0.03;0.47;2.42;237.46;1.92;139269.0;102.6322;82.5;2.39;1.95;-235.04000000000002;;17.030000686645508;-0.76478;-0.6674
04/08/2014;0.04;;;;1.9;;;;;;;;15.119999885559082;;
05/08/2014;0.03;;;;1.9;;;;;;;;16.8700008392334;;
06/08/2014;0.03;;;;1.9;;;;;;;;16.3700008392334;;
07/08/2014;0.03;;;;1.89;;;;;;;;16.65999984741211;;
08/08/2014;0.03;;;;1.86;;;;;;;;15.770000457763672;-0.75654;-0.4966
11/08/2014;0.04;;;;1.86;;;;;;;;14.229999542236328;;
12/08/2014;0.03;;;;1.87;;;;;;;;14.130000114440918;;
13/08/2014;0.04;;;;1.88;;;;;;;;12.899999618530273;;
14/08/2014;0.04;;;;1.84;;;;;;;;12.420000076293945;;
15/08/2014;0.03;;;;1.83;;;;;;;;13.149999618530273;-0.75218;-0.7602
18/08/2014;0.03;;;;1.85;;;;;;;;12.319999694824219;;
19/08/2014;0.03;;;;1.81;;;;;;;;12.210000038146973;;
20/08/2014;0.04;;;;1.83;;;;;;;;11.779999732971191;;
21/08/2014;0.02;;;;1.8;;;;;;;;11.760000228881836;;
22/08/2014;0.03;;;;1.79;;;;;;;;11.470000267028809;-0.7494;-0.8185
25/08/2014;0.04;;;;1.78;;;;;;;;11.699999809265137;;
26/08/2014;0.03;;;;1.83;;;;;;;;11.630000114440918;;
27/08/2014;0.04;;;;1.8;;;;;;;;11.779999732971191;;
28/08/2014;0.03;;;;1.77;;;;;;;;12.050000190734863;;
29/08/2014;0.03;;;;1.76;;;;;;;;12.09000015258789;-0.74631;-0.753
01/09/2014;;0.57;2.53;237.477;;139563.0;102.9417;84.6;;1.96;-234.947;;;;
02/09/2014;0.03;;;;1.76;;;;;;;;12.25;;
03/09/2014;0.03;;;;1.77;;;;;;;;12.359999656677246;;
04/09/2014;0.03;;;;1.76;;;;;;;;12.640000343322754;;
05/09/2014;0.03;;;;1.77;;;;;;;;12.09000015258789;-0.7414;-0.7081
08/09/2014;0.02;;;;1.74;;;;;;;;12.65999984741211;;
09/09/2014;0.02;;;;1.71;;;;;;;;13.5;;
10/09/2014;0.02;;;;1.69;;;;;;;;12.880000114440918;;
11/09/2014;0.02;;;;1.76;;;;;;;;12.800000190734863;;
12/09/2014;0.02;;;;1.75;;;;;;;;13.3100004196167;-0.73095;-0.6211
15/09/2014;0.02;;;;1.73;;;;;;;;14.119999885559082;;
16/09/2014;0.02;;;;1.75;;;;;;;;12.729999542236328;;
17/09/2014;0.02;;;;1.63;;;;;;;;12.649999618530273;;
18/09/2014;0.02;;;;1.56;;;;;;;;12.029999732971191;;
19/09/2014;0.02;;;;1.56;;;;;;;;12.109999656677246;-0.71319;-0.6344
22/09/2014;0.01;;;;1.6;;;;;;;;13.6899995803833;;
23/09/2014;0.01;;;;1.63;;;;;;;;14.930000305175781;;
24/09/2014;0.02;;;;1.66;;;;;;;;13.270000457763672;;
25/09/2014;0.01;;;;1.62;;;;;;;;15.640000343322754;;
26/09/2014;0.01;;;;1.59;;;;;;;;14.850000381469727;-0.69057;-0.4354
29/09/2014;0.02;;;;1.61;;;;;;;;15.979999542236328;;
30/09/2014;0.02;;;;1.56;;;;;;;;16.309999465942383;;
01/10/2014;0.02;0.45;2.3;237.43;1.6;139797.0;102.9611;86.9;2.28;1.8499999999999999;-235.13;;16.709999084472656;;
02/10/2014;0.01;;;;1.57;;;;;;;;16.15999984741211;;
03/10/2014;0.01;;;;1.56;;;;;;;;14.550000190734863;-0.66736;-0.4169
06/10/2014;0.02;;;;1.55;;;;;;;;15.460000038146973;;
07/10/2014;0.02;;;;1.52;;;;;;;;17.200000762939453;;
08/10/2014;0.01;;;;1.54;;;;;;;;15.109999656677246;;
09/10/2014;0.01;;;;1.52;;;;;;;;18.760000228881836;;
10/10/2014;0.01;;;;1.52;;;;;;;;21.239999771118164;-0.64973;-0.3798
13/10/2014;;;;;;;;;;;;;24.639999389648438;;
14/10/2014;0.02;;;;1.41;;;;;;;;22.790000915527344;;
15/10/2014;0.02;;;;1.37;;;;;;;;25.270000457763672;;
16/10/2014;0.03;;;;1.37;;;;;;;;25.200000762939453;;
17/10/2014;0.02;;;;1.43;;;;;;;;21.989999771118164;-0.63915;0.0874
20/10/2014;0.02;;;;1.45;;;;;;;;18.56999969482422;;
21/10/2014;0.02;;;;1.42;;;;;;;;16.079999923706055;;
22/10/2014;0.02;;;;1.47;;;;;;;;17.8700008392334;;
23/10/2014;0.01;;;;1.43;;;;;;;;16.530000686645508;;
24/10/2014;0.01;;;;1.46;;;;;;;;16.110000610351562;-0.64238;-0.5504
27/10/2014;0.02;;;;1.44;;;;;;;;16.040000915527344;;
28/10/2014;0.02;;;;1.47;;;;;;;;14.390000343322754;;
29/10/2014;0.03;;;;1.47;;;;;;;;15.149999618530273;;
30/10/2014;0.01;;;;1.49;;;;;;;;14.520000457763672;;
31/10/2014;0.01;;;;1.53;;;;;;;;14.029999732971191;-0.65281;-0.5665
03/11/2014;0.02;;;;1.55;;;;;;;;14.729999542236328;;
04/11/2014;0.03;;;;1.49;;;;;;;;14.890000343322754;;
05/11/2014;0.03;;;;1.54;;;;;;;;14.170000076293945;;
06/11/2014;0.03;;;;1.58;;;;;;;;13.670000076293945;;
07/11/2014;0.03;;;;1.59;;;;;;;;13.119999885559082;-0.66626;-0.546
10/11/2014;0.02;;;;1.58;;;;;;;;12.670000076293945;;
11/11/2014;;;;;;;;;;;;;12.920000076293945;;
12/11/2014;0.02;;;;1.53;;;;;;;;13.020000457763672;;
13/11/2014;0.02;;;;1.48;;;;;;;;13.789999961853027;;
14/11/2014;0.02;;;;1.45;;;;;;;;13.3100004196167;-0.67551;-0.5283
17/11/2014;0.03;;;;1.42;;;;;;;;13.989999771118164;;
18/11/2014;0.02;;;;1.42;;;;;;;;13.859999656677246;;
19/11/2014;0.01;;;;1.39;;;;;;;;13.960000038146973;;
20/11/2014;0.02;;;;1.41;;;;;;;;13.579999923706055;;
21/11/2014;0.01;;;;1.44;;;;;;;;12.899999618530273;-0.67541;-0.3828
24/11/2014;0.02;;;;1.43;;;;;;;;12.619999885559082;;
25/11/2014;0.02;;;;1.47;;;;;;;;12.25;;
26/11/2014;0.02;;;;1.44;;;;;;;;12.069999694824219;;
28/11/2014;0.02;;;;1.39;;;;;;;;13.329999923706055;-0.66597;-0.4761
01/12/2014;0.03;0.64;2.21;236.252;1.39;140364.0;103.6151;93.6;2.18;1.5699999999999998;-234.042;;14.15999984741211;;
02/12/2014;0.03;;;;1.36;;;;;;;;12.850000381469727;;
03/12/2014;0.01;;;;1.38;;;;;;;;12.5;;
04/12/2014;0.02;;;;1.36;;;;;;;;12.380000114440918;;
05/12/2014;0.02;;;;1.35;;;;;;;;11.890000343322754;-0.64884;-0.3793
08/12/2014;0.03;;;;1.24;;;;;;;;14.210000038146973;;
09/12/2014;0.04;;;;1.34;;;;;;;;15.350000381469727;;
10/12/2014;0.03;;;;1.27;;;;;;;;18.530000686645508;;
11/12/2014;0.03;;;;1.27;;;;;;;;20.079999923706055;;
12/12/2014;0.02;;;;1.2;;;;;;;;21.079999923706055;-0.62509;-0.1297
15/12/2014;0.04;;;;1.17;;;;;;;;20.420000076293945;;
16/12/2014;0.03;;;;1.21;;;;;;;;23.56999969482422;;
17/12/2014;0.03;;;;1.22;;;;;;;;19.440000534057617;;
18/12/2014;0.04;;;;1.2;;;;;;;;16.809999465942383;;
19/12/2014;0.04;;;;1.27;;;;;;;;16.489999771118164;-0.60011;-0.0375
22/12/2014;0.05;;;;1.29;;;;;;;;15.25;;
23/12/2014;0.03;;;;1.3;;;;;;;;14.800000190734863;;
24/12/2014;0.01;;;;1.26;;;;;;;;14.369999885559082;;
26/12/2014;0.01;;;;1.26;;;;;;;;14.5;-0.57788;-0.5551
29/12/2014;0.03;;;;1.22;;;;;;;;15.0600004196167;;
30/12/2014;0.03;;;;1.21;;;;;;;;15.920000076293945;;
31/12/2014;0.04;;;;1.27;;;;;;;;19.200000762939453;;
01/01/2015;;0.55;1.88;234.747;;140568.0;102.7923;98.1;;1.3299999999999998;-232.86700000000002;;;;
02/01/2015;0.02;;;;1.3;;;;;;;;17.790000915527344;-0.55513;-0.1977
05/01/2015;0.03;;;;1.25;;;;;;;;19.920000076293945;;
06/01/2015;0.03;;;;1.16;;;;;;;;21.1200008392334;;
07/01/2015;0.03;;;;1.16;;;;;;;;19.309999465942383;;
08/01/2015;0.03;;;;1.21;;;;;;;;17.010000228881836;;
09/01/2015;0.02;;;;1.2;;;;;;;;17.549999237060547;-0.53541;0.0779
12/01/2015;0.03;;;;1.16;;;;;;;;19.600000381469727;;
13/01/2015;0.03;;;;1.05;;;;;;;;20.559999465942383;;
14/01/2015;0.04;;;;1.18;;;;;;;;21.479999542236328;;
15/01/2015;0.03;;;;1.18;;;;;;;;22.389999389648438;;
16/01/2015;0.03;;;;1.19;;;;;;;;20.950000762939453;-0.51832;0.0792
20/01/2015;0.03;;;;1.19;;;;;;;;19.889999389648438;;
21/01/2015;0.03;;;;1.17;;;;;;;;18.850000381469727;;
22/01/2015;0.03;;;;1.19;;;;;;;;16.399999618530273;;
23/01/2015;0.02;;;;1.21;;;;;;;;16.65999984741211;-0.50753;-0.0961
26/01/2015;0.03;;;;1.24;;;;;;;;15.520000457763672;;
27/01/2015;0.02;;;;1.29;;;;;;;;17.219999313354492;;
28/01/2015;0.02;;;;1.24;;;;;;;;20.440000534057617;;
29/01/2015;0.03;;;;1.31;;;;;;;;18.760000228881836;;
30/01/2015;0.02;;;;1.29;;;;;;;;20.969999313354492;-0.50314;-0.0601
02/02/2015;0.02;;;;1.32;;;;;;;;19.43000030517578;;
03/02/2015;0.02;;;;1.4;;;;;;;;17.329999923706055;;
04/02/2015;0.01;;;;1.35;;;;;;;;18.329999923706055;;
05/02/2015;0.02;;;;1.38;;;;;;;;16.850000381469727;;
06/02/2015;0.02;;;;1.36;;;;;;;;17.290000915527344;-0.50551;-0.251
09/02/2015;0.01;;;;1.36;;;;;;;;18.549999237060547;;
10/02/2015;0.01;;;;1.32;;;;;;;;17.229999542236328;;
11/02/2015;0.01;;;;1.32;;;;;;;;16.959999084472656;;
12/02/2015;0.02;;;;1.37;;;;;;;;15.34000015258789;;
13/02/2015;0.01;;;;1.32;;;;;;;;14.6899995803833;-0.5127;-0.3483
17/02/2015;0.02;;;;1.33;;;;;;;;15.800000190734863;;
18/02/2015;0.02;;;;1.32;;;;;;;;15.449999809265137;;
19/02/2015;0.02;;;;1.35;;;;;;;;15.289999961853027;;
20/02/2015;0.02;;;;1.37;;;;;;;;14.300000190734863;-0.52229;-0.3229
23/02/2015;0.02;;;;1.34;;;;;;;;14.5600004196167;;
24/02/2015;0.02;;;;1.33;;;;;;;;13.6899995803833;;
25/02/2015;0.02;;;;1.36;;;;;;;;13.84000015258789;;
26/02/2015;0.03;;;;1.49;;;;;;;;13.90999984741211;;
27/02/2015;0.02;;;;1.49;;;;;;;;13.34000015258789;-0.53073;-0.2849
02/03/2015;0.02;;;;1.54;;;;;;;;13.039999961853027;;
03/03/2015;0.02;;;;1.57;;;;;;;;13.859999656677246;;
04/03/2015;0.01;;;;1.61;;;;;;;;14.229999542236328;;
05/03/2015;0.02;;;;1.53;;;;;;;;14.039999961853027;;
06/03/2015;0.01;;;;1.55;;;;;;;;15.199999809265137;-0.53534;-0.3382
09/03/2015;0.02;;;;1.47;;;;;;;;15.0600004196167;;
10/03/2015;0.02;;;;1.36;;;;;;;;16.690000534057617;;
11/03/2015;0.03;;;;1.45;;;;;;;;16.8700008392334;;
12/03/2015;0.03;;;;1.41;;;;;;;;15.420000076293945;;
13/03/2015;0.03;;;;1.4;;;;;;;;16.0;-0.53735;-0.1825
16/03/2015;0.05;;;;1.27;;;;;;;;15.609999656677246;;
17/03/2015;0.05;;;;1.34;;;;;;;;15.65999984741211;;
18/03/2015;0.03;;;;1.33;;;;;;;;13.970000267028809;;
19/03/2015;0.03;;;;1.49;;;;;;;;14.069999694824219;;
20/03/2015;0.01;;;;1.5;;;;;;;;13.020000457763672;-0.5392;-0.1917
23/03/2015;0.03;;;;1.48;;;;;;;;13.40999984741211;;
24/03/2015;0.02;;;;1.53;;;;;;;;13.619999885559082;;
25/03/2015;0.04;;;;1.56;;;;;;;;15.4399995803833;;
26/03/2015;0.03;;;;1.57;;;;;;;;15.800000190734863;;
27/03/2015;0.04;;;;1.54;;;;;;;;15.069999694824219;-0.54145;-0.2714
30/03/2015;0.04;;;;1.49;;;;;;;;14.510000228881836;;
31/03/2015;0.03;;;;1.51;;;;;;;;15.289999961853027;;
01/04/2015;0.03;0.54;1.94;236.222;1.58;141196.0;101.2255;95.9;1.91;1.4;-234.282;;15.109999656677246;;
02/04/2015;0.02;;;;1.56;;;;;;;;14.670000076293945;;
03/04/2015;0.02;;;;1.58;;;;;;;;;-0.54476;-0.2575
06/04/2015;0.03;;;;1.6;;;;;;;;14.739999771118164;;
07/04/2015;0.02;;;;1.6;;;;;;;;14.779999732971191;;
08/04/2015;0.03;;;;1.58;;;;;;;;13.979999542236328;;
09/04/2015;0.03;;;;1.59;;;;;;;;13.09000015258789;;
10/04/2015;0.02;;;;1.56;;;;;;;;12.579999923706055;-0.5489;-0.4419
13/04/2015;0.03;;;;1.55;;;;;;;;13.9399995803833;;
14/04/2015;0.02;;;;1.55;;;;;;;;13.670000076293945;;
15/04/2015;0.02;;;;1.59;;;;;;;;12.84000015258789;;
16/04/2015;0.02;;;;1.58;;;;;;;;12.600000381469727;;
17/04/2015;0.01;;;;1.65;;;;;;;;13.890000343322754;-0.55118;-0.4251
20/04/2015;0.03;;;;1.6;;;;;;;;13.300000190734863;;
21/04/2015;0.03;;;;1.59;;;;;;;;13.25;;
22/04/2015;0.03;;;;1.6;;;;;;;;12.710000038146973;;
23/04/2015;0.03;;;;1.7;;;;;;;;12.479999542236328;;
24/04/2015;0.03;;;;1.71;;;;;;;;12.289999961853027;-0.55169;-0.4789
27/04/2015;0.02;;;;1.71;;;;;;;;13.119999885559082;;
28/04/2015;0.02;;;;1.69;;;;;;;;12.40999984741211;;
29/04/2015;0.01;;;;1.7;;;;;;;;13.390000343322754;;
30/04/2015;0.01;;;;1.72;;;;;;;;14.550000190734863;;
01/05/2015;0.01;0.61;2.2;237.001;1.72;141538.0;100.7675;90.7;2.1900000000000004;1.5900000000000003;-234.80100000000002;;12.699999809265137;-0.54874;-0.4439
04/05/2015;0.02;;;;1.69;;;;;;;;12.850000381469727;;
05/05/2015;0.01;;;;1.72;;;;;;;;14.3100004196167;;
06/05/2015;0.02;;;;1.69;;;;;;;;15.149999618530273;;
07/05/2015;0.01;;;;1.66;;;;;;;;15.130000114440918;;
08/05/2015;0.01;;;;1.66;;;;;;;;12.859999656677246;-0.54414;-0.3869
11/05/2015;0.02;;;;1.64;;;;;;;;13.850000381469727;;
12/05/2015;0.03;;;;1.65;;;;;;;;13.859999656677246;;
13/05/2015;0.02;;;;1.67;;;;;;;;13.760000228881836;;
14/05/2015;0.01;;;;1.65;;;;;;;;12.739999771118164;;
15/05/2015;0.02;;;;1.62;;;;;;;;12.380000114440918;-0.54136;-0.3602
18/05/2015;0.02;;;;1.64;;;;;;;;12.729999542236328;;
19/05/2015;0.02;;;;1.62;;;;;;;;12.850000381469727;;
20/05/2015;0.02;;;;1.65;;;;;;;;12.880000114440918;;
21/05/2015;0.02;;;;1.63;;;;;;;;12.109999656677246;;
22/05/2015;0.02;;;;1.65;;;;;;;;12.130000114440918;-0.54098;-0.3585
26/05/2015;0.02;;;;1.59;;;;;;;;14.0600004196167;;
27/05/2015;0.01;;;;1.54;;;;;;;;13.270000457763672;;
28/05/2015;0.01;;;;1.53;;;;;;;;13.3100004196167;;
29/05/2015;0.01;;;;1.57;;;;;;;;13.84000015258789;-0.54115;-0.2459
01/06/2015;0.02;0.69;2.36;237.657;1.55;141709.0;100.4588;96.1;2.34;1.67;-235.297;;13.970000267028809;;
02/06/2015;0.01;;;;1.59;;;;;;;;14.239999771118164;;
03/06/2015;0.02;;;;1.59;;;;;;;;13.65999984741211;;
04/06/2015;0.02;;;;1.59;;;;;;;;14.710000038146973;;
05/06/2015;0.03;;;;1.64;;;;;;;;14.210000038146973;-0.54139;-0.2592
08/06/2015;0.02;;;;1.63;;;;;;;;15.289999961853027;;
09/06/2015;0.02;;;;1.65;;;;;;;;14.470000267028809;;
10/06/2015;0.02;;;;1.66;;;;;;;;13.220000267028809;;
11/06/2015;0.01;;;;1.63;;;;;;;;12.850000381469727;;
12/06/2015;0.02;;;;1.64;;;;;;;;13.779999732971191;-0.54001;-0.2755
15/06/2015;0.02;;;;1.64;;;;;;;;15.390000343322754;;
16/06/2015;0.01;;;;1.67;;;;;;;;14.8100004196167;;
17/06/2015;0.01;;;;1.69;;;;;;;;14.5;;
18/06/2015;0.01;;;;1.67;;;;;;;;13.1899995803833;;
19/06/2015;0.01;;;;1.63;;;;;;;;13.960000038146973;-0.53556;-0.2111
22/06/2015;0.01;;;;1.65;;;;;;;;12.739999771118164;;
23/06/2015;0.01;;;;1.67;;;;;;;;12.109999656677246;;
24/06/2015;0.01;;;;1.64;;;;;;;;13.260000228881836;;
25/06/2015;0.01;;;;1.63;;;;;;;;14.010000228881836;;
26/06/2015;0.01;;;;1.66;;;;;;;;14.020000457763672;-0.53085;-0.3789
29/06/2015;0.02;;;;1.59;;;;;;;;18.850000381469727;;
30/06/2015;0.01;;;;1.61;;;;;;;;18.229999542236328;;
01/07/2015;0.01;0.67;2.32;238.034;1.6;141991.0;101.0893;93.1;2.31;1.65;-235.714;;16.09000015258789;;
02/07/2015;0.01;;;;1.62;;;;;;;;16.790000915527344;;
03/07/2015;;;;;;;;;;;;;;-0.52492;0.0274
06/07/2015;0.02;;;;1.57;;;;;;;;17.010000228881836;;
07/07/2015;0.02;;;;1.57;;;;;;;;16.09000015258789;;
08/07/2015;0.02;;;;1.54;;;;;;;;19.65999984741211;;
09/07/2015;0.03;;;;1.56;;;;;;;;19.969999313354492;;
10/07/2015;0.01;;;;1.58;;;;;;;;16.829999923706055;-0.52211;-0.0677
13/07/2015;0.02;;;;1.56;;;;;;;;13.899999618530273;;
14/07/2015;0.01;;;;1.55;;;;;;;;13.369999885559082;;
15/07/2015;0.02;;;;1.53;;;;;;;;13.229999542236328;;
16/07/2015;0.02;;;;1.52;;;;;;;;12.109999656677246;;
17/07/2015;0.03;;;;1.5;;;;;;;;11.949999809265137;-0.5207;-0.4132
20/07/2015;0.04;;;;1.49;;;;;;;;12.25;;
21/07/2015;0.03;;;;1.49;;;;;;;;12.220000267028809;;
22/07/2015;0.04;;;;1.48;;;;;;;;12.119999885559082;;
23/07/2015;0.03;;;;1.45;;;;;;;;12.640000343322754;;
24/07/2015;0.04;;;;1.4;;;;;;;;13.739999771118164;-0.51583;-0.2445
27/07/2015;0.05;;;;1.35;;;;;;;;15.600000381469727;;
28/07/2015;0.05;;;;1.38;;;;;;;;13.4399995803833;;
29/07/2015;0.06;;;;1.4;;;;;;;;12.5;;
30/07/2015;0.07;;;;1.4;;;;;;;;12.130000114440918;;
31/07/2015;0.08;;;;1.36;;;;;;;;12.119999885559082;-0.50435;-0.1543
03/08/2015;0.08;;;;1.31;;;;;;;;12.5600004196167;;
04/08/2015;0.08;;;;1.31;;;;;;;;13.0;;
05/08/2015;0.08;;;;1.31;;;;;;;;12.510000228881836;;
06/08/2015;0.04;;;;1.31;;;;;;;;13.770000457763672;;
07/08/2015;0.06;;;;1.28;;;;;;;;13.390000343322754;-0.48587;-0.2051
10/08/2015;0.12;;;;1.3;;;;;;;;12.229999542236328;;
11/08/2015;0.1;;;;1.27;;;;;;;;13.710000038146973;;
12/08/2015;0.1;;;;1.27;;;;;;;;13.609999656677246;;
13/08/2015;0.1;;;;1.24;;;;;;;;13.489999771118164;;
14/08/2015;0.09;;;;1.25;;;;;;;;12.829999923706055;-0.46195;-0.1145
17/08/2015;0.1;;;;1.22;;;;;;;;13.020000457763672;;
18/08/2015;0.07;;;;1.21;;;;;;;;13.789999961853027;;
19/08/2015;0.05;;;;1.17;;;;;;;;15.25;;
20/08/2015;0.02;;;;1.17;;;;;;;;19.139999389648438;;
21/08/2015;0.03;;;;1.13;;;;;;;;28.030000686645508;-0.43539;0.12
24/08/2015;0.06;;;;1.11;;;;;;;;40.7400016784668;;
25/08/2015;0.07;;;;1.15;;;;;;;;36.02000045776367;;
26/08/2015;0.06;;;;1.13;;;;;;;;30.31999969482422;;
27/08/2015;0.06;;;;1.2;;;;;;;;26.100000381469727;;
28/08/2015;0.06;;;;1.22;;;;;;;;26.049999237060547;-0.41174;0.5989
31/08/2015;0.08;;;;1.26;;;;;;;;28.43000030517578;;
01/09/2015;0.03;0.71;2.17;237.498;1.18;142275.0;100.633;87.2;2.14;1.46;-235.328;;31.399999618530273;;
02/09/2015;0.03;;;;1.19;;;;;;;;26.09000015258789;;
03/09/2015;0.02;;;;1.16;;;;;;;;25.610000610351562;;
04/09/2015;0.02;;;;1.14;;;;;;;;27.799999237060547;-0.39812;0.2136
08/09/2015;0.06;;;;1.15;;;;;;;;24.899999618530273;;
09/09/2015;0.03;;;;1.15;;;;;;;;26.229999542236328;;
10/09/2015;0.02;;;;1.21;;;;;;;;24.3700008392334;;
11/09/2015;0.04;;;;1.21;;;;;;;;23.200000762939453;-0.39406;0.1111
14/09/2015;0.07;;;;1.19;;;;;;;;24.25;;
15/09/2015;0.07;;;;1.2;;;;;;;;22.540000915527344;;
16/09/2015;0.06;;;;1.21;;;;;;;;21.350000381469727;;
17/09/2015;0.01;;;;1.24;;;;;;;;21.139999389648438;;
18/09/2015;-0.01;;;;1.19;;;;;;;;22.280000686645508;-0.39819;0.1236
21/09/2015;0.01;;;;1.19;;;;;;;;20.139999389648438;;
22/09/2015;-0.01;;;;1.15;;;;;;;;22.440000534057617;;
23/09/2015;0.01;;;;1.16;;;;;;;;22.1299991607666;;
24/09/2015;0.01;;;;1.11;;;;;;;;23.469999313354492;;
25/09/2015;-0.01;;;;1.11;;;;;;;;23.6200008392334;-0.40887;0.357
28/09/2015;0.01;;;;1.02;;;;;;;;27.6299991607666;;
29/09/2015;0.01;;;;1.03;;;;;;;;26.829999923706055;;
30/09/2015;-0.01;;;;1.07;;;;;;;;24.5;;
01/10/2015;-0.02;0.64;2.07;237.733;1.13;142579.0;100.1563;90.0;2.09;1.4299999999999997;-235.663;;22.549999237060547;;
02/10/2015;0.0;;;;1.15;;;;;;;;20.940000534057617;-0.4224;0.6451
05/10/2015;0.01;;;;1.18;;;;;;;;19.540000915527344;;
06/10/2015;0.0;;;;1.22;;;;;;;;19.399999618530273;;
07/10/2015;0.0;;;;1.22;;;;;;;;18.399999618530273;;
08/10/2015;-0.01;;;;1.26;;;;;;;;17.420000076293945;;
09/10/2015;0.01;;;;1.22;;;;;;;;17.079999923706055;-0.44055;-0.0122
12/10/2015;;;;;;;;;;;;;16.170000076293945;;
13/10/2015;0.01;;;;1.18;;;;;;;;17.670000076293945;;
14/10/2015;0.0;;;;1.15;;;;;;;;18.030000686645508;;
15/10/2015;0.01;;;;1.18;;;;;;;;16.049999237060547;;
16/10/2015;0.01;;;;1.18;;;;;;;;15.050000190734863;-0.45637;0.0676
19/10/2015;0.02;;;;1.13;;;;;;;;14.979999542236328;;
20/10/2015;0.02;;;;1.16;;;;;;;;15.75;;
21/10/2015;0.01;;;;1.13;;;;;;;;16.700000762939453;;
22/10/2015;0.0;;;;1.14;;;;;;;;14.449999809265137;;
23/10/2015;0.01;;;;1.19;;;;;;;;14.460000038146973;-0.47085;-0.0591
26/10/2015;0.02;;;;1.16;;;;;;;;15.289999961853027;;
27/10/2015;0.03;;;;1.15;;;;;;;;15.430000305175781;;
28/10/2015;0.04;;;;1.14;;;;;;;;14.329999923706055;;
29/10/2015;0.07;;;;1.19;;;;;;;;14.609999656677246;;
30/10/2015;0.08;;;;1.2;;;;;;;;15.069999694824219;-0.48244;-0.1071
02/11/2015;0.08;;;;1.23;;;;;;;;14.149999618530273;;
03/11/2015;0.06;;;;1.27;;;;;;;;14.539999961853027;;
04/11/2015;0.05;;;;1.26;;;;;;;;15.510000228881836;;
05/11/2015;0.05;;;;1.23;;;;;;;;15.050000190734863;;
06/11/2015;0.08;;;;1.25;;;;;;;;14.329999923706055;-0.48888;-0.175
09/11/2015;0.14;;;;1.28;;;;;;;;16.520000457763672;;
10/11/2015;0.13;;;;1.25;;;;;;;;15.289999961853027;;
11/11/2015;;;;;;;;;;;;;16.059999465942383;;
12/11/2015;0.14;;;;1.24;;;;;;;;18.3700008392334;;
13/11/2015;0.13;;;;1.21;;;;;;;;20.079999923706055;-0.48668;0.033
16/11/2015;0.15;;;;1.2;;;;;;;;18.15999984741211;;
17/11/2015;0.14;;;;1.23;;;;;;;;18.84000015258789;;
18/11/2015;0.12;;;;1.25;;;;;;;;16.850000381469727;;
19/11/2015;0.11;;;;1.27;;;;;;;;16.989999771118164;;
20/11/2015;0.11;;;;1.31;;;;;;;;15.470000267028809;-0.47663;0.0184
23/11/2015;0.14;;;;1.33;;;;;;;;15.619999885559082;;
24/11/2015;0.16;;;;1.33;;;;;;;;15.930000305175781;;
25/11/2015;0.19;;;;1.31;;;;;;;;15.1899995803833;;
27/11/2015;0.17;;;;1.31;;;;;;;;15.119999885559082;-0.46002;-0.0431
30/11/2015;0.22;;;;1.3;;;;;;;;16.1299991607666;;
01/12/2015;0.21;0.98;2.24;237.761;1.29;143077.0;98.9471;92.6;2.0300000000000002;1.2600000000000002;-235.521;;14.670000076293945;;
02/12/2015;0.21;;;;1.27;;;;;;;;15.90999984741211;;
03/12/2015;0.21;;;;1.33;;;;;;;;18.110000610351562;;
04/12/2015;0.22;;;;1.3;;;;;;;;14.8100004196167;-0.43722;0.0155
07/12/2015;0.29;;;;1.25;;;;;;;;15.84000015258789;;
08/12/2015;0.27;;;;1.25;;;;;;;;17.600000381469727;;
09/12/2015;0.26;;;;1.21;;;;;;;;19.610000610351562;;
10/12/2015;0.24;;;;1.2;;;;;;;;19.34000015258789;;
11/12/2015;0.22;;;;1.17;;;;;;;;24.389999389648438;-0.4114;0.3394
14/12/2015;0.26;;;;1.17;;;;;;;;22.729999542236328;;
15/12/2015;0.25;;;;1.22;;;;;;;;20.950000762939453;;
16/12/2015;0.27;;;;1.2;;;;;;;;17.860000610351562;;
17/12/2015;0.23;;;;1.21;;;;;;;;18.940000534057617;;
18/12/2015;0.19;;;;1.21;;;;;;;;20.700000762939453;-0.38718;0.4207
21/12/2015;0.24;;;;1.19;;;;;;;;18.700000762939453;;
22/12/2015;0.21;;;;1.19;;;;;;;;16.600000381469727;;
23/12/2015;0.2;;;;1.25;;;;;;;;15.569999694824219;;
24/12/2015;0.2;;;;1.23;;;;;;;;15.739999771118164;;
25/12/2015;;;;;;;;;;;;;;-0.36639;0.2683
28/12/2015;0.23;;;;1.24;;;;;;;;16.90999984741211;;
29/12/2015;0.23;;;;1.28;;;;;;;;16.079999923706055;;
30/12/2015;0.21;;;;1.28;;;;;;;;17.290000915527344;;
31/12/2015;0.16;;;;1.31;;;;;;;;18.209999084472656;;
01/01/2016;;0.9;2.09;237.652;;143210.0;99.4391;92.0;;1.19;-235.56199999999998;;;-0.3498;0.2036
04/01/2016;0.22;;;;1.31;;;;;;;;20.700000762939453;;
05/01/2016;0.2;;;;1.31;;;;;;;;19.34000015258789;;
06/01/2016;0.21;;;;1.26;;;;;;;;20.59000015258789;;
07/01/2016;0.2;;;;1.25;;;;;;;;24.989999771118164;;
08/01/2016;0.2;;;;1.23;;;;;;;;27.010000228881836;-0.33581;0.6145
11/01/2016;0.21;;;;1.19;;;;;;;;24.299999237060547;;
12/01/2016;0.21;;;;1.19;;;;;;;;22.469999313354492;;
13/01/2016;0.22;;;;1.18;;;;;;;;25.219999313354492;;
14/01/2016;0.25;;;;1.2;;;;;;;;23.950000762939453;;
15/01/2016;0.23;;;;1.12;;;;;;;;27.020000457763672;-0.32223;0.7747
19/01/2016;0.26;;;;1.16;;;;;;;;26.049999237060547;;
20/01/2016;0.26;;;;1.1;;;;;;;;27.59000015258789;;
21/01/2016;0.28;;;;1.08;;;;;;;;26.690000534057617;;
22/01/2016;0.3;;;;1.15;;;;;;;;22.34000015258789;-0.31069;0.8665
25/01/2016;0.31;;;;1.15;;;;;;;;24.149999618530273;;
26/01/2016;0.31;;;;1.17;;;;;;;;22.5;;
27/01/2016;0.32;;;;1.18;;;;;;;;23.110000610351562;;
28/01/2016;0.34;;;;1.2;;;;;;;;22.420000076293945;;
29/01/2016;0.32;;;;1.19;;;;;;;;20.200000762939453;-0.30153;0.38
01/02/2016;0.35;0.73;1.78;237.336;1.2;143407.0;98.9232;91.7;1.4300000000000002;1.05;-235.556;;19.979999542236328;;
02/02/2016;0.34;;;;1.14;;;;;;;;21.979999542236328;;
03/02/2016;0.33;;;;1.16;;;;;;;;21.649999618530273;;
04/02/2016;0.29;;;;1.13;;;;;;;;21.84000015258789;;
05/02/2016;0.29;;;;1.07;;;;;;;;23.3799991607666;-0.296;0.5843
08/02/2016;0.32;;;;0.97;;;;;;;;26.0;;
09/02/2016;0.3;;;;0.93;;;;;;;;26.540000915527344;;
10/02/2016;0.31;;;;0.95;;;;;;;;26.290000915527344;;
11/02/2016;0.28;;;;0.94;;;;;;;;28.139999389648438;;
12/02/2016;0.29;;;;1.03;;;;;;;;25.399999618530273;-0.29687;1.1291
16/02/2016;0.3;;;;1.03;;;;;;;;24.110000610351562;;
17/02/2016;0.3;;;;1.04;;;;;;;;22.309999465942383;;
18/02/2016;0.3;;;;1.02;;;;;;;;21.639999389648438;;
19/02/2016;0.3;;;;1.06;;;;;;;;20.530000686645508;-0.30914;0.4052
22/02/2016;0.33;;;;1.11;;;;;;;;19.3799991607666;;
23/02/2016;0.32;;;;1.13;;;;;;;;20.979999542236328;;
24/02/2016;0.33;;;;1.15;;;;;;;;20.719999313354492;;
25/02/2016;0.32;;;;1.18;;;;;;;;19.110000610351562;;
26/02/2016;0.32;;;;1.2;;;;;;;;19.809999465942383;-0.32767;0.3907
29/02/2016;0.33;;;;1.23;;;;;;;;20.549999237060547;;
01/03/2016;0.33;0.88;1.89;238.08;1.29;143662.0;98.1635;91.0;1.5599999999999998;1.0099999999999998;-236.19000000000003;;17.700000762939453;;
02/03/2016;0.35;;;;1.34;;;;;;;;17.09000015258789;;
03/03/2016;0.27;;;;1.36;;;;;;;;16.700000762939453;;
04/03/2016;0.28;;;;1.36;;;;;;;;16.860000610351562;-0.34948;0.0747
07/03/2016;0.32;;;;1.36;;;;;;;;17.350000381469727;;
08/03/2016;0.29;;;;1.33;;;;;;;;18.670000076293945;;
09/03/2016;0.3;;;;1.37;;;;;;;;18.34000015258789;;
10/03/2016;0.31;;;;1.35;;;;;;;;18.049999237060547;;
11/03/2016;0.32;;;;1.41;;;;;;;;16.5;-0.36958;0.1215
14/03/2016;0.34;;;;1.38;;;;;;;;16.920000076293945;;
15/03/2016;0.34;;;;1.35;;;;;;;;16.84000015258789;;
16/03/2016;0.31;;;;1.45;;;;;;;;14.989999771118164;;
17/03/2016;0.29;;;;1.46;;;;;;;;14.4399995803833;;
18/03/2016;0.29;;;;1.47;;;;;;;;14.020000457763672;-0.38513;0.02
21/03/2016;0.31;;;;1.5;;;;;;;;13.789999961853027;;
22/03/2016;0.3;;;;1.48;;;;;;;;14.170000076293945;;
23/03/2016;0.3;;;;1.44;;;;;;;;14.9399995803833;;
24/03/2016;0.29;;;;1.42;;;;;;;;14.739999771118164;;
25/03/2016;;;;;;;;;;;;;;-0.39356;0.0378
28/03/2016;0.29;;;;1.4;;;;;;;;15.239999771118164;;
29/03/2016;0.23;;;;1.47;;;;;;;;13.819999694824219;;
30/03/2016;0.2;;;;1.52;;;;;;;;13.5600004196167;;
31/03/2016;0.21;;;;1.49;;;;;;;;13.949999809265137;;
01/04/2016;0.23;0.77;1.81;238.992;1.49;143855.0;98.4775;89.0;1.58;1.04;-237.182;;13.100000381469727;-0.39652;0.3019
04/04/2016;0.23;;;;1.48;;;;;;;;14.119999885559082;;
05/04/2016;0.23;;;;1.43;;;;;;;;15.420000076293945;;
06/04/2016;0.23;;;;1.43;;;;;;;;14.09000015258789;;
07/04/2016;0.23;;;;1.41;;;;;;;;16.15999984741211;;
08/04/2016;0.23;;;;1.43;;;;;;;;15.359999656677246;-0.39611;0.2425
11/04/2016;0.23;;;;1.41;;;;;;;;16.260000228881836;;
12/04/2016;0.22;;;;1.39;;;;;;;;14.850000381469727;;
13/04/2016;0.23;;;;1.43;;;;;;;;13.84000015258789;;
14/04/2016;0.22;;;;1.42;;;;;;;;13.720000267028809;;
15/04/2016;0.22;;;;1.42;;;;;;;;13.619999885559082;-0.39579;-0.0158
18/04/2016;0.22;;;;1.41;;;;;;;;13.350000381469727;;
19/04/2016;0.21;;;;1.46;;;;;;;;13.239999771118164;;
20/04/2016;0.23;;;;1.49;;;;;;;;13.279999732971191;;
21/04/2016;0.23;;;;1.56;;;;;;;;13.949999809265137;;
22/04/2016;0.23;;;;1.56;;;;;;;;13.220000267028809;-0.39637;-0.1336
25/04/2016;0.25;;;;1.56;;;;;;;;14.079999923706055;;
26/04/2016;0.24;;;;1.56;;;;;;;;13.960000038146973;;
27/04/2016;0.24;;;;1.57;;;;;;;;13.770000457763672;;
28/04/2016;0.22;;;;1.61;;;;;;;;15.220000267028809;;
29/04/2016;0.22;;;;1.6;;;;;;;;15.699999809265137;-0.39688;-0.0317
02/05/2016;0.22;;;;1.58;;;;;;;;14.680000305175781;;
03/05/2016;0.21;;;;1.54;;;;;;;;15.600000381469727;;
04/05/2016;0.19;;;;1.52;;;;;;;;16.049999237060547;;
05/05/2016;0.2;;;;1.52;;;;;;;;15.90999984741211;;
06/05/2016;0.19;;;;1.51;;;;;;;;14.720000267028809;-0.3971;0.1999
09/05/2016;0.24;;;;1.5;;;;;;;;14.569999694824219;;
10/05/2016;0.24;;;;1.53;;;;;;;;13.630000114440918;;
11/05/2016;0.26;;;;1.53;;;;;;;;14.6899995803833;;
12/05/2016;0.27;;;;1.53;;;;;;;;14.40999984741211;;
13/05/2016;0.28;;;;1.52;;;;;;;;15.039999961853027;-0.3974;0.0733
16/05/2016;0.28;;;;1.53;;;;;;;;14.680000305175781;;
17/05/2016;0.28;;;;1.56;;;;;;;;15.569999694824219;;
18/05/2016;0.3;;;;1.54;;;;;;;;15.949999809265137;;
19/05/2016;0.3;;;;1.51;;;;;;;;16.329999923706055;;
20/05/2016;0.32;;;;1.51;;;;;;;;15.199999809265137;-0.39587;-0.0448
23/05/2016;0.35;;;;1.49;;;;;;;;15.819999694824219;;
24/05/2016;0.35;;;;1.51;;;;;;;;14.420000076293945;;
25/05/2016;0.33;;;;1.51;;;;;;;;13.899999618530273;;
26/05/2016;0.3;;;;1.51;;;;;;;;13.430000305175781;;
27/05/2016;0.31;;;;1.51;;;;;;;;13.119999885559082;-0.39151;-0.1038
31/05/2016;0.34;;;;1.47;;;;;;;;14.1899995803833;;
01/06/2016;0.3;0.73;1.64;240.222;1.47;144146.0;98.7315;93.5;1.3399999999999999;0.9099999999999999;-238.58200000000002;;14.199999809265137;;
02/06/2016;0.28;;;;1.48;;;;;;;;13.630000114440918;;
03/06/2016;0.29;;;;1.45;;;;;;;;13.470000267028809;-0.38431;0.0322
06/06/2016;0.28;;;;1.49;;;;;;;;13.649999618530273;;
07/06/2016;0.28;;;;1.51;;;;;;;;14.050000190734863;;
08/06/2016;0.24;;;;1.54;;;;;;;;14.079999923706055;;
09/06/2016;0.25;;;;1.53;;;;;;;;14.640000343322754;;
10/06/2016;0.25;;;;1.49;;;;;;;;17.030000686645508;-0.37539;0.0567
13/06/2016;0.27;;;;1.45;;;;;;;;20.969999313354492;;
14/06/2016;0.27;;;;1.45;;;;;;;;20.5;;
15/06/2016;0.26;;;;1.47;;;;;;;;20.139999389648438;;
16/06/2016;0.27;;;;1.42;;;;;;;;19.3700008392334;;
17/06/2016;0.26;;;;1.43;;;;;;;;19.40999984741211;-0.36481;0.4669
20/06/2016;0.28;;;;1.43;;;;;;;;18.3700008392334;;
21/06/2016;0.27;;;;1.41;;;;;;;;18.479999542236328;;
22/06/2016;0.27;;;;1.41;;;;;;;;21.170000076293945;;
23/06/2016;0.3;;;;1.47;;;;;;;;17.25;;
24/06/2016;0.26;;;;1.36;;;;;;;;25.760000228881836;-0.35614;0.1301
27/06/2016;0.27;;;;1.27;;;;;;;;23.850000381469727;;
28/06/2016;0.26;;;;1.32;;;;;;;;18.75;;
29/06/2016;0.26;;;;1.36;;;;;;;;16.639999389648438;;
30/06/2016;0.26;;;;1.38;;;;;;;;15.630000114440918;;
01/07/2016;0.27;0.67;1.5;240.101;1.43;144520.0;98.8452;90.0;1.23;0.83;-238.601;;14.770000457763672;-0.34977;0.4883
05/07/2016;0.28;;;;1.39;;;;;;;;15.579999923706055;;
06/07/2016;0.27;;;;1.41;;;;;;;;14.960000038146973;;
07/07/2016;0.29;;;;1.41;;;;;;;;14.760000228881836;;
08/07/2016;0.27;;;;1.39;;;;;;;;13.199999809265137;-0.34829;0.0883
11/07/2016;0.31;;;;1.41;;;;;;;;13.539999961853027;;
12/07/2016;0.29;;;;1.46;;;;;;;;13.550000190734863;;
13/07/2016;0.31;;;;1.43;;;;;;;;13.039999961853027;;
14/07/2016;0.31;;;;1.44;;;;;;;;12.819999694824219;;
15/07/2016;0.31;;;;1.44;;;;;;;;12.670000076293945;-0.35088;-0.2554
18/07/2016;0.32;;;;1.41;;;;;;;;12.4399995803833;;
19/07/2016;0.31;;;;1.39;;;;;;;;11.970000267028809;;
20/07/2016;0.32;;;;1.4;;;;;;;;11.770000457763672;;
21/07/2016;0.31;;;;1.38;;;;;;;;12.739999771118164;;
22/07/2016;0.32;;;;1.36;;;;;;;;12.020000457763672;-0.35443;-0.0422
25/07/2016;0.32;;;;1.34;;;;;;;;12.869999885559082;;
26/07/2016;0.31;;;;1.33;;;;;;;;13.050000190734863;;
27/07/2016;0.31;;;;1.31;;;;;;;;12.829999923706055;;
28/07/2016;0.25;;;;1.33;;;;;;;;12.720000267028809;;
29/07/2016;0.27;;;;1.31;;;;;;;;11.869999885559082;-0.35883;0.12
01/08/2016;0.29;0.74;1.56;240.545;1.27;144662.0;98.7427;89.8;1.27;0.8200000000000001;-238.98499999999999;;12.4399995803833;;
02/08/2016;0.29;;;;1.25;;;;;;;;13.369999885559082;;
03/08/2016;0.28;;;;1.28;;;;;;;;12.859999656677246;;
04/08/2016;0.26;;;;1.3;;;;;;;;12.420000076293945;;
05/08/2016;0.27;;;;1.33;;;;;;;;11.390000343322754;-0.36109;0.2402
08/08/2016;0.31;;;;1.34;;;;;;;;11.5;;
09/08/2016;0.29;;;;1.3;;;;;;;;11.65999984741211;;
10/08/2016;0.28;;;;1.27;;;;;;;;12.050000190734863;;
11/08/2016;0.28;;;;1.32;;;;;;;;11.680000305175781;;
12/08/2016;0.28;;;;1.29;;;;;;;;11.550000190734863;-0.36046;0.0646
15/08/2016;0.31;;;;1.3;;;;;;;;11.8100004196167;;
16/08/2016;0.27;;;;1.28;;;;;;;;12.640000343322754;;
17/08/2016;0.3;;;;1.31;;;;;;;;12.1899995803833;;
18/08/2016;0.29;;;;1.32;;;;;;;;11.430000305175781;;
19/08/2016;0.29;;;;1.34;;;;;;;;11.34000015258789;-0.35594;0.0465
22/08/2016;0.29;;;;1.34;;;;;;;;12.270000457763672;;
23/08/2016;0.3;;;;1.34;;;;;;;;12.380000114440918;;
24/08/2016;0.31;;;;1.32;;;;;;;;13.449999809265137;;
25/08/2016;0.33;;;;1.33;;;;;;;;13.630000114440918;;
26/08/2016;0.33;;;;1.31;;;;;;;;13.649999618530273;-0.34811;0.1385
29/08/2016;0.33;;;;1.29;;;;;;;;12.9399995803833;;
30/08/2016;0.33;;;;1.28;;;;;;;;13.119999885559082;;
31/08/2016;0.33;;;;1.27;;;;;;;;13.420000076293945;;
01/09/2016;0.33;0.77;1.63;241.176;1.24;144967.0;98.6552;91.2;1.2999999999999998;0.8599999999999999;-239.546;;13.479999542236328;;
02/09/2016;0.32;;;;1.28;;;;;;;;11.979999542236328;-0.3381;0.1521
06/09/2016;0.32;;;;1.29;;;;;;;;12.020000457763672;;
07/09/2016;0.34;;;;1.3;;;;;;;;11.9399995803833;;
08/09/2016;0.34;;;;1.34;;;;;;;;12.510000228881836;;
09/09/2016;0.34;;;;1.32;;;;;;;;17.5;-0.32958;0.1581
12/09/2016;0.37;;;;1.33;;;;;;;;15.15999984741211;;
13/09/2016;0.36;;;;1.31;;;;;;;;17.850000381469727;;
14/09/2016;0.33;;;;1.3;;;;;;;;18.139999389648438;;
15/09/2016;0.29;;;;1.31;;;;;;;;16.299999237060547;;
16/09/2016;0.29;;;;1.34;;;;;;;;15.369999885559082;-0.32383;0.3517
19/09/2016;0.3;;;;1.35;;;;;;;;15.529999732971191;;
20/09/2016;0.3;;;;1.33;;;;;;;;15.920000076293945;;
21/09/2016;0.22;;;;1.37;;;;;;;;13.300000190734863;;
22/09/2016;0.18;;;;1.4;;;;;;;;12.020000457763672;;
23/09/2016;0.18;;;;1.42;;;;;;;;12.289999961853027;-0.32282;0.2212
26/09/2016;0.25;;;;1.4;;;;;;;;14.5;;
27/09/2016;0.26;;;;1.38;;;;;;;;13.100000381469727;;
28/09/2016;0.27;;;;1.44;;;;;;;;12.390000343322754;;
29/09/2016;0.26;;;;1.44;;;;;;;;14.020000457763672;;
30/09/2016;0.28;;;;1.45;;;;;;;;13.289999961853027;-0.32731;0.1871
03/10/2016;0.32;;;;1.47;;;;;;;;13.569999694824219;;
04/10/2016;0.33;;;;1.45;;;;;;;;13.630000114440918;;
05/10/2016;0.32;;;;1.48;;;;;;;;12.989999771118164;;
06/10/2016;0.32;;;;1.49;;;;;;;;12.84000015258789;;
07/10/2016;0.32;;;;1.5;;;;;;;;13.479999542236328;-0.33624;-0.071
10/10/2016;;;;;;;;;;;;;13.380000114440918;;
11/10/2016;0.35;;;;1.51;;;;;;;;15.359999656677246;;
12/10/2016;0.36;;;;1.51;;;;;;;;15.90999984741211;;
13/10/2016;0.29;;;;1.5;;;;;;;;16.690000534057617;;
14/10/2016;0.31;;;;1.53;;;;;;;;16.1200008392334;-0.34649;0.0754
17/10/2016;0.34;;;;1.55;;;;;;;;16.209999084472656;;
18/10/2016;0.34;;;;1.54;;;;;;;;15.279999732971191;;
19/10/2016;0.34;;;;1.56;;;;;;;;14.40999984741211;;
20/10/2016;0.34;;;;1.56;;;;;;;;13.75;;
21/10/2016;0.33;;;;1.56;;;;;;;;13.34000015258789;-0.35779;0.0537
24/10/2016;0.33;;;;1.53;;;;;;;;13.020000457763672;;
25/10/2016;0.34;;;;1.57;;;;;;;;13.460000038146973;;
26/10/2016;0.33;;;;1.58;;;;;;;;14.239999771118164;;
27/10/2016;0.29;;;;1.57;;;;;;;;15.359999656677246;;
28/10/2016;0.29;;;;1.6;;;;;;;;16.190000534057617;-0.36993;-0.0032
31/10/2016;0.34;;;;1.59;;;;;;;;17.059999465942383;;
01/11/2016;0.35;0.98;2.14;242.026;1.59;145183.0;98.3443;93.8;1.79;1.1600000000000001;-239.88600000000002;;18.559999465942383;;
02/11/2016;0.36;;;;1.55;;;;;;;;19.31999969482422;;
03/11/2016;0.37;;;;1.52;;;;;;;;22.079999923706055;;
04/11/2016;0.37;;;;1.52;;;;;;;;22.510000228881836;-0.38086;0.3911
07/11/2016;0.41;;;;1.56;;;;;;;;18.709999084472656;;
08/11/2016;0.43;;;;1.57;;;;;;;;18.739999771118164;;
09/11/2016;0.44;;;;1.67;;;;;;;;14.380000114440918;;
10/11/2016;0.47;;;;1.7;;;;;;;;14.739999771118164;;
11/11/2016;;;;;;;;;;;;;14.170000076293945;-0.39383;-0.1687
14/11/2016;0.54;;;;1.65;;;;;;;;14.479999542236328;;
15/11/2016;0.5;;;;1.67;;;;;;;;13.369999885559082;;
16/11/2016;0.46;;;;1.66;;;;;;;;13.720000267028809;;
17/11/2016;0.43;;;;1.71;;;;;;;;13.350000381469727;;
18/11/2016;0.43;;;;1.74;;;;;;;;12.850000381469727;-0.40678;-0.1894
21/11/2016;0.46;;;;1.74;;;;;;;;12.420000076293945;;
22/11/2016;0.48;;;;1.75;;;;;;;;12.40999984741211;;
23/11/2016;0.5;;;;1.74;;;;;;;;12.430000305175781;;
25/11/2016;0.48;;;;1.74;;;;;;;;12.34000015258789;-0.41826;-0.2503
28/11/2016;0.48;;;;1.69;;;;;;;;13.149999618530273;;
29/11/2016;0.48;;;;1.69;;;;;;;;12.899999618530273;;
30/11/2016;0.48;;;;1.77;;;;;;;;13.329999923706055;;
01/12/2016;0.47;1.2;2.49;242.637;1.81;145408.0;99.0406;98.2;2.0200000000000005;1.2900000000000003;-240.147;;14.069999694824219;;
02/12/2016;0.48;;;;1.76;;;;;;;;14.119999885559082;-0.42788;-0.1116
05/12/2016;0.49;;;;1.79;;;;;;;;12.140000343322754;;
06/12/2016;0.49;;;;1.8;;;;;;;;11.789999961853027;;
07/12/2016;0.51;;;;1.78;;;;;;;;12.220000267028809;;
08/12/2016;0.5;;;;1.83;;;;;;;;12.640000343322754;;
09/12/2016;0.53;;;;1.83;;;;;;;;11.75;-0.43556;-0.3671
12/12/2016;0.51;;;;1.86;;;;;;;;12.640000343322754;;
13/12/2016;0.54;;;;1.86;;;;;;;;12.720000267028809;;
14/12/2016;0.54;;;;1.82;;;;;;;;13.1899995803833;;
15/12/2016;0.5;;;;1.78;;;;;;;;12.789999961853027;;
16/12/2016;0.5;;;;1.75;;;;;;;;12.199999809265137;-0.44062;-0.2705
19/12/2016;0.52;;;;1.74;;;;;;;;11.710000038146973;;
20/12/2016;0.52;;;;1.8;;;;;;;;11.449999809265137;;
21/12/2016;0.51;;;;1.74;;;;;;;;11.270000457763672;;
22/12/2016;0.5;;;;1.86;;;;;;;;11.430000305175781;;
23/12/2016;0.51;;;;1.84;;;;;;;;11.4399995803833;-0.44483;-0.1969
27/12/2016;0.51;;;;1.88;;;;;;;;11.989999771118164;;
28/12/2016;0.52;;;;1.85;;;;;;;;12.949999809265137;;
29/12/2016;0.46;;;;1.81;;;;;;;;13.369999885559082;;
30/12/2016;0.5;;;;1.84;;;;;;;;14.039999961853027;-0.45081;-0.1438
